order_id,order_date,customer_id,product_id,quantity,unit_price,status
O00001,2026-01-01,C0063,P1,1,49.00,completed
O00002,2026-01-01,C0027,P1,1,49.00,completed
O00003,2026-01-01,C0152,P1,1,39.20,completed
O00004,2026-01-01,C0008,P1,1,44.10,completed
O00005,2026-01-01,C0060,P1,1,49.00,completed
O00006,2026-01-01,C0051,P2,1,149.00,completed
O00007,2026-01-01,C0057,P2,1,119.20,completed
O00008,2026-01-01,C0179,P4,1,29.00,completed
O00009,2026-01-02,C0056,P1,1,49.00,completed
O00010,2026-01-02,C0024,P1,1,49.00,completed
O00011,2026-01-02,C0092,P1,1,44.10,completed
O00012,2026-01-02,C0068,P1,1,49.00,refunded
O00013,2026-01-02,C0032,P2,1,134.10,completed
O00014,2026-01-02,C0142,P2,1,134.10,completed
O00015,2026-01-02,C0093,P2,1,149.00,refunded
O00016,2026-01-02,C0075,P4,1,29.00,completed
O00017,2026-01-02,C0026,P4,1,29.00,completed
O00018,2026-01-03,C0042,P1,1,44.10,completed
O00019,2026-01-03,C0054,P1,1,49.00,completed
O00020,2026-01-03,C0156,P1,1,49.00,completed
O00021,2026-01-03,C0063,P1,1,49.00,completed
O00022,2026-01-03,C0164,P2,1,134.10,completed
O00023,2026-01-03,C0176,P2,1,119.20,completed
O00024,2026-01-03,C0009,P4,1,29.00,completed
O00025,2026-01-03,C0069,P4,1,29.00,completed
O00026,2026-01-04,C0055,P1,1,39.20,completed
O00027,2026-01-04,C0165,P1,1,44.10,completed
O00028,2026-01-04,C0068,P1,1,44.10,completed
O00029,2026-01-04,C0068,P2,1,119.20,completed
O00030,2026-01-04,C0150,P2,1,119.20,completed
O00031,2026-01-04,C0127,P4,1,29.00,completed
O00032,2026-01-05,C0040,P1,1,49.00,completed
O00033,2026-01-05,C0153,P1,1,49.00,completed
O00034,2026-01-05,C0098,P1,1,49.00,completed
O00035,2026-01-05,C0065,P2,1,134.10,completed
O00036,2026-01-05,C0175,P2,1,119.20,completed
O00037,2026-01-05,C0165,P4,1,23.20,completed
O00038,2026-01-05,C0076,P4,1,29.00,completed
O00039,2026-01-06,C0068,P1,1,44.10,completed
O00040,2026-01-06,C0130,P1,1,39.20,completed
O00041,2026-01-06,C0164,P1,1,49.00,completed
O00042,2026-01-06,C0051,P1,1,39.20,refunded
O00043,2026-01-06,C0136,P2,1,149.00,completed
O00044,2026-01-06,C0083,P2,1,149.00,refunded
O00045,2026-01-06,C0062,P4,1,29.00,completed
O00046,2026-01-07,C0022,P1,1,39.20,completed
O00047,2026-01-07,C0137,P1,1,44.10,completed
O00048,2026-01-07,C0169,P1,1,49.00,completed
O00049,2026-01-07,C0068,P2,1,119.20,completed
O00050,2026-01-07,C0109,P2,1,119.20,refunded
O00051,2026-01-07,C0103,P3,1,900.00,completed
O00052,2026-01-07,C0133,P4,1,29.00,completed
O00053,2026-01-07,C0064,P4,1,26.10,completed
O00054,2026-01-08,C0151,P1,1,49.00,completed
O00055,2026-01-08,C0151,P1,1,39.20,completed
O00056,2026-01-08,C0019,P1,1,49.00,completed
O00057,2026-01-08,C0018,P2,1,149.00,completed
O00058,2026-01-08,C0019,P2,1,149.00,completed
O00059,2026-01-08,C0072,P2,1,119.20,completed
O00060,2026-01-08,C0148,P4,1,29.00,refunded
O00061,2026-01-09,C0049,P1,1,44.10,completed
O00062,2026-01-09,C0169,P1,1,49.00,completed
O00063,2026-01-09,C0109,P1,1,44.10,completed
O00064,2026-01-09,C0014,P1,1,44.10,completed
O00065,2026-01-09,C0104,P2,1,149.00,completed
O00066,2026-01-09,C0064,P2,1,149.00,completed
O00067,2026-01-09,C0138,P2,1,149.00,completed
O00068,2026-01-09,C0064,P4,1,29.00,completed
O00069,2026-01-09,C0141,P4,1,29.00,completed
O00070,2026-01-10,C0024,P1,1,39.20,completed
O00071,2026-01-10,C0105,P1,1,49.00,completed
O00072,2026-01-10,C0055,P1,1,44.10,completed
O00073,2026-01-10,C0098,P2,1,149.00,completed
O00074,2026-01-10,C0068,P2,1,149.00,completed
O00075,2026-01-10,C0109,P2,1,134.10,completed
O00076,2026-01-10,C0040,P4,1,23.20,completed
O00077,2026-01-10,C0056,P4,1,29.00,completed
O00078,2026-01-11,C0016,P1,1,39.20,completed
O00079,2026-01-11,C0013,P1,1,49.00,completed
O00080,2026-01-11,C0129,P1,1,39.20,completed
O00081,2026-01-11,C0015,P1,1,39.20,completed
O00082,2026-01-11,C0048,P1,1,39.20,completed
O00083,2026-01-11,C0018,P1,1,49.00,refunded
O00084,2026-01-11,C0031,P2,1,149.00,completed
O00085,2026-01-11,C0149,P2,1,119.20,completed
O00086,2026-01-11,C0159,P2,1,119.20,completed
O00087,2026-01-11,C0081,P4,1,23.20,completed
O00088,2026-01-11,C0172,P4,1,29.00,completed
O00089,2026-01-12,C0102,P1,1,49.00,completed
O00090,2026-01-12,C0118,P1,1,49.00,completed
O00091,2026-01-12,C0003,P1,1,49.00,completed
O00092,2026-01-12,C0145,P1,1,44.10,refunded
O00093,2026-01-12,C0138,P1,1,49.00,completed
O00094,2026-01-12,C0090,P2,1,149.00,completed
O00095,2026-01-12,C0095,P2,1,149.00,completed
O00096,2026-01-12,C0157,P4,1,23.20,completed
O00097,2026-01-12,C0171,P4,1,23.20,completed
O00098,2026-01-13,C0035,P1,1,49.00,completed
O00099,2026-01-13,C0028,P1,1,49.00,completed
O00100,2026-01-13,C0070,P1,1,39.20,completed
O00101,2026-01-13,C0054,P1,1,49.00,refunded
O00102,2026-01-13,C0176,P1,1,49.00,completed
O00103,2026-01-13,C0126,P2,1,149.00,completed
O00104,2026-01-13,C0024,P2,1,149.00,completed
O00105,2026-01-13,C0012,P2,1,134.10,completed
O00106,2026-01-13,C0114,P4,1,29.00,completed
O00107,2026-01-13,C0144,P4,1,23.20,completed
O00108,2026-01-14,C0140,P1,1,49.00,completed
O00109,2026-01-14,C0150,P1,1,49.00,completed
O00110,2026-01-14,C0111,P1,1,39.20,completed
O00111,2026-01-14,C0011,P2,1,149.00,completed
O00112,2026-01-14,C0175,P2,1,149.00,completed
O00113,2026-01-14,C0159,P4,1,23.20,completed
O00114,2026-01-15,C0046,P1,1,49.00,completed
O00115,2026-01-15,C0046,P1,1,44.10,completed
O00116,2026-01-15,C0172,P1,1,49.00,completed
O00117,2026-01-15,C0041,P1,1,49.00,completed
O00118,2026-01-15,C0010,P1,1,49.00,completed
O00119,2026-01-15,C0118,P2,1,149.00,completed
O00120,2026-01-15,C0059,P2,1,149.00,completed
O00121,2026-01-15,C0169,P2,1,149.00,completed
O00122,2026-01-15,C0090,P4,1,29.00,completed
O00123,2026-01-16,C0085,P1,1,44.10,completed
O00124,2026-01-16,C0067,P1,1,49.00,completed
O00125,2026-01-16,C0068,P1,1,49.00,refunded
O00126,2026-01-16,C0153,P1,1,49.00,completed
O00127,2026-01-16,C0081,P1,1,44.10,completed
O00128,2026-01-16,C0099,P2,1,119.20,completed
O00129,2026-01-16,C0066,P2,1,119.20,completed
O00130,2026-01-16,C0176,P4,1,23.20,completed
O00131,2026-01-16,C0111,P4,1,29.00,completed
O00132,2026-01-17,C0081,P1,1,49.00,refunded
O00133,2026-01-17,C0130,P1,1,49.00,completed
O00134,2026-01-17,C0084,P1,1,49.00,completed
O00135,2026-01-17,C0033,P2,1,149.00,completed
O00136,2026-01-17,C0171,P2,1,149.00,completed
O00137,2026-01-17,C0146,P3,1,900.00,refunded
O00138,2026-01-17,C0078,P4,1,23.20,completed
O00139,2026-01-18,C0156,P1,1,44.10,refunded
O00140,2026-01-18,C0114,P1,1,49.00,completed
O00141,2026-01-18,C0131,P1,1,44.10,completed
O00142,2026-01-18,C0073,P2,1,149.00,completed
O00143,2026-01-18,C0086,P2,1,119.20,refunded
O00144,2026-01-18,C0058,P4,1,29.00,completed
O00145,2026-01-18,C0007,P4,1,29.00,completed
O00146,2026-01-19,C0019,P1,1,44.10,refunded
O00147,2026-01-19,C0162,P1,1,44.10,completed
O00148,2026-01-19,C0179,P1,1,39.20,completed
O00149,2026-01-19,C0038,P2,1,134.10,completed
O00150,2026-01-19,C0109,P2,1,149.00,completed
O00151,2026-01-19,C0013,P4,1,23.20,completed
O00152,2026-01-19,C0032,P4,1,23.20,completed
O00153,2026-01-20,C0144,P1,1,44.10,completed
O00154,2026-01-20,C0114,P1,1,39.20,completed
O00155,2026-01-20,C0110,P1,1,39.20,completed
O00156,2026-01-20,C0041,P1,1,39.20,completed
O00157,2026-01-20,C0067,P2,1,134.10,completed
O00158,2026-01-20,C0134,P2,1,149.00,completed
O00159,2026-01-20,C0071,P2,1,134.10,completed
O00160,2026-01-20,C0086,P4,1,29.00,completed
O00161,2026-01-20,C0021,P4,1,29.00,completed
O00162,2026-01-21,C0178,P1,1,49.00,completed
O00163,2026-01-21,C0017,P1,1,49.00,completed
O00164,2026-01-21,C0085,P1,1,44.10,completed
O00165,2026-01-21,C0053,P2,1,134.10,completed
O00166,2026-01-21,C0150,P2,1,134.10,completed
O00167,2026-01-21,C0098,P3,1,900.00,refunded
O00168,2026-01-21,C0100,P4,1,29.00,completed
O00169,2026-01-21,C0140,P4,1,26.10,completed
O00170,2026-01-22,C0057,P1,1,49.00,completed
O00171,2026-01-22,C0125,P1,1,49.00,completed
O00172,2026-01-22,C0087,P1,1,49.00,completed
O00173,2026-01-22,C0120,P1,1,44.10,completed
O00174,2026-01-22,C0137,P1,1,49.00,refunded
O00175,2026-01-22,C0145,P2,1,134.10,refunded
O00176,2026-01-22,C0119,P4,1,26.10,completed
O00177,2026-01-23,C0084,P1,1,49.00,completed
O00178,2026-01-23,C0084,P1,1,49.00,completed
O00179,2026-01-23,C0072,P1,1,49.00,completed
O00180,2026-01-23,C0021,P2,1,134.10,completed
O00181,2026-01-23,C0139,P2,1,134.10,completed
O00182,2026-01-23,C0058,P2,1,149.00,completed
O00183,2026-01-23,C0064,P4,1,29.00,completed
O00184,2026-01-23,C0160,P4,1,29.00,completed
O00185,2026-01-24,C0172,P1,1,49.00,completed
O00186,2026-01-24,C0056,P1,1,49.00,refunded
O00187,2026-01-24,C0095,P1,1,44.10,completed
O00188,2026-01-24,C0042,P2,1,119.20,completed
O00189,2026-01-24,C0149,P2,1,149.00,completed
O00190,2026-01-24,C0051,P4,1,26.10,completed
O00191,2026-01-25,C0179,P1,1,49.00,completed
O00192,2026-01-25,C0031,P1,1,49.00,refunded
O00193,2026-01-25,C0089,P1,1,39.20,completed
O00194,2026-01-25,C0130,P2,1,149.00,completed
O00195,2026-01-25,C0108,P2,1,149.00,completed
O00196,2026-01-25,C0093,P3,1,900.00,completed
O00197,2026-01-25,C0112,P4,1,26.10,completed
O00198,2026-01-25,C0167,P4,1,29.00,completed
O00199,2026-01-26,C0120,P1,1,39.20,completed
O00200,2026-01-26,C0069,P1,1,44.10,refunded
O00201,2026-01-26,C0023,P1,1,49.00,completed
O00202,2026-01-26,C0119,P2,1,134.10,completed
O00203,2026-01-26,C0172,P2,1,119.20,refunded
O00204,2026-01-26,C0125,P4,1,29.00,completed
O00205,2026-01-27,C0072,P1,1,49.00,completed
O00206,2026-01-27,C0143,P1,1,39.20,completed
O00207,2026-01-27,C0049,P1,1,49.00,completed
O00208,2026-01-27,C0143,P2,1,134.10,completed
O00209,2026-01-27,C0166,P2,1,149.00,completed
O00210,2026-01-27,C0076,P4,1,29.00,completed
O00211,2026-01-27,C0178,P4,1,29.00,completed
O00212,2026-01-28,C0122,P1,1,39.20,completed
O00213,2026-01-28,C0089,P1,1,39.20,completed
O00214,2026-01-28,C0085,P1,1,44.10,completed
O00215,2026-01-28,C0079,P2,1,134.10,completed
O00216,2026-01-28,C0031,P2,1,149.00,completed
O00217,2026-01-28,C0050,P4,1,23.20,completed
O00218,2026-01-29,C0151,P1,1,44.10,completed
O00219,2026-01-29,C0073,P1,1,39.20,refunded
O00220,2026-01-29,C0076,P1,1,49.00,completed
O00221,2026-01-29,C0004,P2,1,149.00,completed
O00222,2026-01-29,C0071,P2,1,119.20,completed
O00223,2026-01-29,C0164,P4,1,29.00,completed
O00224,2026-01-30,C0004,P1,1,44.10,completed
O00225,2026-01-30,C0121,P1,1,39.20,completed
O00226,2026-01-30,C0088,P1,1,44.10,completed
O00227,2026-01-30,C0065,P1,1,49.00,completed
O00228,2026-01-30,C0017,P1,1,44.10,completed
O00229,2026-01-30,C0162,P2,1,149.00,refunded
O00230,2026-01-30,C0039,P2,1,149.00,completed
O00231,2026-01-30,C0031,P4,1,29.00,completed
O00232,2026-01-30,C0156,P4,1,23.20,completed
O00233,2026-01-31,C0134,P1,1,39.20,completed
O00234,2026-01-31,C0114,P1,1,44.10,completed
O00235,2026-01-31,C0110,P1,1,49.00,refunded
O00236,2026-01-31,C0159,P1,1,49.00,refunded
O00237,2026-01-31,C0026,P1,1,49.00,refunded
O00238,2026-01-31,C0068,P2,1,149.00,completed
O00239,2026-01-31,C0062,P2,1,149.00,completed
O00240,2026-01-31,C0020,P2,1,149.00,completed
O00241,2026-01-31,C0075,P4,1,23.20,completed
O00242,2026-02-01,C0180,P1,1,49.00,completed
O00243,2026-02-01,C0176,P1,1,44.10,completed
O00244,2026-02-01,C0161,P1,1,49.00,completed
O00245,2026-02-01,C0030,P2,1,149.00,completed
O00246,2026-02-01,C0166,P2,1,119.20,completed
O00247,2026-02-01,C0016,P4,1,29.00,completed
O00248,2026-02-02,C0146,P1,1,49.00,refunded
O00249,2026-02-02,C0032,P1,1,49.00,completed
O00250,2026-02-02,C0180,P1,1,44.10,completed
O00251,2026-02-02,C0139,P2,1,149.00,completed
O00252,2026-02-02,C0021,P2,1,134.10,completed
O00253,2026-02-02,C0065,P4,1,29.00,refunded
O00254,2026-02-02,C0059,P4,1,29.00,completed
O00255,2026-02-03,C0006,P1,1,39.20,refunded
O00256,2026-02-03,C0011,P1,1,49.00,refunded
O00257,2026-02-03,C0133,P1,1,49.00,completed
O00258,2026-02-03,C0047,P1,1,44.10,completed
O00259,2026-02-03,C0163,P1,1,39.20,completed
O00260,2026-02-03,C0121,P1,1,44.10,completed
O00261,2026-02-03,C0172,P2,1,149.00,completed
O00262,2026-02-03,C0085,P2,1,149.00,completed
O00263,2026-02-03,C0010,P4,1,26.10,completed
O00264,2026-02-03,C0081,P4,1,26.10,completed
O00265,2026-02-04,C0132,P1,1,49.00,completed
O00266,2026-02-04,C0119,P1,1,49.00,completed
O00267,2026-02-04,C0049,P1,1,44.10,completed
O00268,2026-02-04,C0161,P2,1,119.20,completed
O00269,2026-02-04,C0053,P2,1,134.10,completed
O00270,2026-02-04,C0179,P4,1,29.00,completed
O00271,2026-02-05,C0062,P1,1,49.00,refunded
O00272,2026-02-05,C0142,P1,1,49.00,completed
O00273,2026-02-05,C0105,P1,1,49.00,completed
O00274,2026-02-05,C0030,P1,1,49.00,completed
O00275,2026-02-05,C0128,P2,1,149.00,completed
O00276,2026-02-05,C0070,P2,1,149.00,completed
O00277,2026-02-05,C0117,P4,1,26.10,completed
O00278,2026-02-05,C0099,P4,1,23.20,completed
O00279,2026-02-06,C0035,P1,1,39.20,completed
O00280,2026-02-06,C0107,P1,1,49.00,completed
O00281,2026-02-06,C0069,P1,1,49.00,completed
O00282,2026-02-06,C0151,P2,1,149.00,completed
O00283,2026-02-06,C0039,P2,1,119.20,completed
O00284,2026-02-06,C0124,P2,1,134.10,completed
O00285,2026-02-06,C0117,P4,1,23.20,completed
O00286,2026-02-06,C0179,P4,1,29.00,completed
O00287,2026-02-07,C0106,P1,1,44.10,completed
O00288,2026-02-07,C0122,P1,1,49.00,completed
O00289,2026-02-07,C0170,P1,1,44.10,completed
O00290,2026-02-07,C0010,P2,1,149.00,completed
O00291,2026-02-07,C0152,P2,1,149.00,completed
O00292,2026-02-07,C0113,P2,1,149.00,completed
O00293,2026-02-07,C0105,P4,1,29.00,completed
O00294,2026-02-07,C0121,P4,1,29.00,completed
O00295,2026-02-08,C0160,P1,1,49.00,completed
O00296,2026-02-08,C0085,P1,1,44.10,completed
O00297,2026-02-08,C0082,P1,1,39.20,completed
O00298,2026-02-08,C0010,P1,1,44.10,completed
O00299,2026-02-08,C0061,P1,1,39.20,completed
O00300,2026-02-08,C0024,P2,1,149.00,completed
O00301,2026-02-08,C0163,P2,1,134.10,completed
O00302,2026-02-08,C0043,P2,1,149.00,completed
O00303,2026-02-08,C0015,P4,1,29.00,completed
O00304,2026-02-08,C0096,P4,1,29.00,completed
O00305,2026-02-09,C0106,P1,1,49.00,completed
O00306,2026-02-09,C0044,P1,1,39.20,completed
O00307,2026-02-09,C0157,P1,1,49.00,completed
O00308,2026-02-09,C0175,P1,1,44.10,refunded
O00309,2026-02-09,C0060,P2,1,119.20,completed
O00310,2026-02-09,C0118,P2,1,134.10,completed
O00311,2026-02-09,C0174,P4,1,26.10,completed
O00312,2026-02-10,C0089,P1,1,49.00,completed
O00313,2026-02-10,C0164,P1,1,39.20,completed
O00314,2026-02-10,C0117,P1,1,44.10,completed
O00315,2026-02-10,C0099,P1,1,49.00,completed
O00316,2026-02-10,C0098,P2,1,149.00,completed
O00317,2026-02-10,C0148,P2,1,119.20,completed
O00318,2026-02-10,C0006,P2,1,149.00,completed
O00319,2026-02-10,C0003,P3,1,765.00,completed
O00320,2026-02-10,C0128,P4,1,29.00,refunded
O00321,2026-02-10,C0156,P4,1,29.00,completed
O00322,2026-02-11,C0159,P1,1,49.00,completed
O00323,2026-02-11,C0161,P1,1,49.00,completed
O00324,2026-02-11,C0080,P1,1,49.00,completed
O00325,2026-02-11,C0149,P1,1,44.10,completed
O00326,2026-02-11,C0024,P1,1,49.00,completed
O00327,2026-02-11,C0045,P2,1,149.00,completed
O00328,2026-02-11,C0139,P2,1,149.00,completed
O00329,2026-02-11,C0129,P2,1,149.00,completed
O00330,2026-02-11,C0124,P3,1,900.00,completed
O00331,2026-02-11,C0030,P4,1,29.00,completed
O00332,2026-02-11,C0037,P4,1,26.10,completed
O00333,2026-02-12,C0143,P1,1,49.00,completed
O00334,2026-02-12,C0102,P1,1,49.00,completed
O00335,2026-02-12,C0138,P1,1,49.00,completed
O00336,2026-02-12,C0095,P1,1,49.00,completed
O00337,2026-02-12,C0098,P1,1,49.00,refunded
O00338,2026-02-12,C0173,P2,1,149.00,completed
O00339,2026-02-12,C0007,P2,1,149.00,completed
O00340,2026-02-12,C0084,P2,1,119.20,completed
O00341,2026-02-12,C0163,P3,1,900.00,completed
O00342,2026-02-12,C0030,P4,1,29.00,completed
O00343,2026-02-12,C0010,P4,1,29.00,completed
O00344,2026-02-13,C0025,P1,1,44.10,completed
O00345,2026-02-13,C0035,P1,1,49.00,completed
O00346,2026-02-13,C0095,P1,1,44.10,completed
O00347,2026-02-13,C0151,P1,1,39.20,completed
O00348,2026-02-13,C0168,P2,1,149.00,completed
O00349,2026-02-13,C0158,P2,1,149.00,completed
O00350,2026-02-13,C0009,P2,1,134.10,completed
O00351,2026-02-13,C0093,P4,1,26.10,completed
O00352,2026-02-14,C0166,P1,1,49.00,completed
O00353,2026-02-14,C0102,P1,1,49.00,completed
O00354,2026-02-14,C0032,P1,1,49.00,completed
O00355,2026-02-14,C0170,P2,1,134.10,completed
O00356,2026-02-14,C0006,P2,1,149.00,refunded
O00357,2026-02-14,C0063,P2,1,149.00,completed
O00358,2026-02-14,C0142,P3,1,900.00,completed
O00359,2026-02-14,C0085,P4,1,29.00,completed
O00360,2026-02-15,C0071,P1,1,39.20,completed
O00361,2026-02-15,C0139,P1,1,49.00,completed
O00362,2026-02-15,C0029,P1,1,49.00,completed
O00363,2026-02-15,C0004,P1,1,49.00,completed
O00364,2026-02-15,C0151,P1,1,49.00,completed
O00365,2026-02-15,C0014,P2,1,149.00,completed
O00366,2026-02-15,C0135,P2,1,149.00,completed
O00367,2026-02-15,C0132,P4,1,26.10,completed
O00368,2026-02-16,C0057,P1,1,44.10,completed
O00369,2026-02-16,C0169,P1,1,39.20,completed
O00370,2026-02-16,C0118,P1,1,39.20,completed
O00371,2026-02-16,C0123,P1,1,49.00,completed
O00372,2026-02-16,C0176,P1,1,44.10,completed
O00373,2026-02-16,C0021,P2,1,134.10,completed
O00374,2026-02-16,C0038,P2,1,149.00,refunded
O00375,2026-02-16,C0084,P4,1,23.20,completed
O00376,2026-02-17,C0076,P1,1,39.20,completed
O00377,2026-02-17,C0155,P1,1,44.10,completed
O00378,2026-02-17,C0180,P1,1,44.10,completed
O00379,2026-02-17,C0056,P1,1,49.00,completed
O00380,2026-02-17,C0087,P2,1,149.00,completed
O00381,2026-02-17,C0107,P2,1,134.10,completed
O00382,2026-02-17,C0096,P4,1,29.00,completed
O00383,2026-02-18,C0024,P1,1,44.10,completed
O00384,2026-02-18,C0111,P1,1,49.00,completed
O00385,2026-02-18,C0034,P1,1,49.00,completed
O00386,2026-02-18,C0151,P1,1,39.20,completed
O00387,2026-02-18,C0085,P1,1,39.20,completed
O00388,2026-02-18,C0091,P1,1,49.00,completed
O00389,2026-02-18,C0074,P2,1,134.10,completed
O00390,2026-02-18,C0091,P2,1,119.20,completed
O00391,2026-02-18,C0130,P2,1,149.00,refunded
O00392,2026-02-18,C0090,P4,1,29.00,completed
O00393,2026-02-18,C0030,P4,1,23.20,completed
O00394,2026-02-19,C0110,P1,1,39.20,completed
O00395,2026-02-19,C0158,P1,1,39.20,refunded
O00396,2026-02-19,C0156,P1,1,39.20,completed
O00397,2026-02-19,C0047,P1,1,49.00,completed
O00398,2026-02-19,C0087,P1,1,49.00,completed
O00399,2026-02-19,C0145,P2,1,149.00,completed
O00400,2026-02-19,C0037,P2,1,134.10,completed
O00401,2026-02-19,C0056,P4,1,29.00,completed
O00402,2026-02-19,C0117,P4,1,26.10,completed
O00403,2026-02-20,C0084,P1,1,49.00,completed
O00404,2026-02-20,C0022,P1,1,39.20,refunded
O00405,2026-02-20,C0041,P1,1,49.00,completed
O00406,2026-02-20,C0173,P1,1,39.20,completed
O00407,2026-02-20,C0125,P2,1,134.10,completed
O00408,2026-02-20,C0107,P2,1,119.20,completed
O00409,2026-02-20,C0111,P4,1,29.00,completed
O00410,2026-02-20,C0174,P4,1,29.00,completed
O00411,2026-02-21,C0171,P1,1,44.10,completed
O00412,2026-02-21,C0057,P1,1,49.00,completed
O00413,2026-02-21,C0015,P1,1,44.10,refunded
O00414,2026-02-21,C0078,P1,1,49.00,completed
O00415,2026-02-21,C0066,P1,1,49.00,completed
O00416,2026-02-21,C0128,P2,1,149.00,completed
O00417,2026-02-21,C0034,P2,1,134.10,completed
O00418,2026-02-21,C0172,P4,1,23.20,completed
O00419,2026-02-21,C0102,P4,1,29.00,completed
O00420,2026-02-22,C0005,P1,1,49.00,completed
O00421,2026-02-22,C0081,P1,1,44.10,completed
O00422,2026-02-22,C0147,P1,1,39.20,completed
O00423,2026-02-22,C0075,P1,1,44.10,completed
O00424,2026-02-22,C0006,P1,1,49.00,completed
O00425,2026-02-22,C0118,P2,1,149.00,refunded
O00426,2026-02-22,C0112,P2,1,149.00,completed
O00427,2026-02-22,C0112,P2,1,149.00,completed
O00428,2026-02-22,C0087,P4,1,26.10,completed
O00429,2026-02-22,C0044,P4,1,29.00,completed
O00430,2026-02-23,C0131,P1,1,49.00,completed
O00431,2026-02-23,C0090,P1,1,49.00,completed
O00432,2026-02-23,C0027,P1,1,49.00,completed
O00433,2026-02-23,C0155,P2,1,149.00,completed
O00434,2026-02-23,C0046,P2,1,149.00,completed
O00435,2026-02-23,C0145,P3,1,765.00,completed
O00436,2026-02-23,C0165,P4,1,26.10,refunded
O00437,2026-02-23,C0161,P4,1,23.20,completed
O00438,2026-02-24,C0121,P1,1,44.10,completed
O00439,2026-02-24,C0071,P1,1,44.10,completed
O00440,2026-02-24,C0091,P1,1,39.20,completed
O00441,2026-02-24,C0080,P1,1,39.20,completed
O00442,2026-02-24,C0095,P2,1,149.00,completed
O00443,2026-02-24,C0166,P2,1,149.00,completed
O00444,2026-02-24,C0153,P3,1,900.00,refunded
O00445,2026-02-24,C0142,P4,1,26.10,refunded
O00446,2026-02-24,C0147,P4,1,29.00,completed
O00447,2026-02-25,C0122,P1,1,49.00,refunded
O00448,2026-02-25,C0016,P1,1,39.20,completed
O00449,2026-02-25,C0088,P1,1,44.10,completed
O00450,2026-02-25,C0166,P1,1,49.00,completed
O00451,2026-02-25,C0064,P1,1,49.00,completed
O00452,2026-02-25,C0134,P2,1,134.10,completed
O00453,2026-02-25,C0094,P2,1,119.20,completed
O00454,2026-02-25,C0100,P2,1,149.00,completed
O00455,2026-02-25,C0162,P4,1,23.20,completed
O00456,2026-02-26,C0025,P1,1,49.00,completed
O00457,2026-02-26,C0073,P1,1,39.20,completed
O00458,2026-02-26,C0039,P1,1,49.00,refunded
O00459,2026-02-26,C0150,P1,1,49.00,completed
O00460,2026-02-26,C0080,P1,1,49.00,completed
O00461,2026-02-26,C0153,P2,1,134.10,completed
O00462,2026-02-26,C0144,P2,1,149.00,completed
O00463,2026-02-26,C0033,P2,1,134.10,completed
O00464,2026-02-26,C0166,P4,1,23.20,completed
O00465,2026-02-26,C0093,P4,1,26.10,completed
O00466,2026-02-27,C0055,P1,1,49.00,completed
O00467,2026-02-27,C0050,P1,1,49.00,completed
O00468,2026-02-27,C0040,P1,1,49.00,completed
O00469,2026-02-27,C0139,P2,1,149.00,completed
O00470,2026-02-27,C0170,P2,1,119.20,completed
O00471,2026-02-27,C0097,P4,1,29.00,refunded
O00472,2026-02-27,C0047,P4,1,29.00,completed
O00473,2026-02-28,C0113,P1,1,39.20,completed
O00474,2026-02-28,C0094,P1,1,49.00,completed
O00475,2026-02-28,C0157,P1,1,49.00,completed
O00476,2026-02-28,C0060,P1,1,49.00,completed
O00477,2026-02-28,C0080,P1,1,39.20,completed
O00478,2026-02-28,C0095,P2,1,134.10,completed
O00479,2026-02-28,C0119,P2,1,119.20,completed
O00480,2026-02-28,C0129,P2,1,149.00,completed
O00481,2026-02-28,C0036,P4,1,29.00,refunded
O00482,2026-02-28,C0165,P4,1,29.00,completed
O00483,2026-03-01,C0027,P1,1,49.00,completed
O00484,2026-03-01,C0073,P1,1,39.20,completed
O00485,2026-03-01,C0070,P1,1,49.00,completed
O00486,2026-03-01,C0038,P1,1,44.10,completed
O00487,2026-03-01,C0116,P2,1,149.00,completed
O00488,2026-03-01,C0107,P2,1,149.00,completed
O00489,2026-03-01,C0129,P2,1,149.00,completed
O00490,2026-03-01,C0058,P4,1,29.00,completed
O00491,2026-03-02,C0038,P1,1,49.00,completed
O00492,2026-03-02,C0074,P1,1,49.00,completed
O00493,2026-03-02,C0121,P1,1,44.10,completed
O00494,2026-03-02,C0005,P2,1,149.00,completed
O00495,2026-03-02,C0039,P2,1,149.00,completed
O00496,2026-03-02,C0029,P4,1,23.20,completed
O00497,2026-03-02,C0078,P4,1,29.00,completed
O00498,2026-03-03,C0164,P1,1,49.00,completed
O00499,2026-03-03,C0017,P1,1,39.20,completed
O00500,2026-03-03,C0153,P1,1,49.00,completed
O00501,2026-03-03,C0062,P2,1,119.20,refunded
O00502,2026-03-03,C0110,P2,1,149.00,completed
O00503,2026-03-03,C0048,P4,1,23.20,completed
O00504,2026-03-04,C0093,P1,1,49.00,completed
O00505,2026-03-04,C0140,P1,1,49.00,completed
O00506,2026-03-04,C0142,P1,1,39.20,completed
O00507,2026-03-04,C0121,P1,1,49.00,completed
O00508,2026-03-04,C0096,P1,1,49.00,completed
O00509,2026-03-04,C0018,P2,1,149.00,completed
O00510,2026-03-04,C0169,P2,1,149.00,completed
O00511,2026-03-04,C0012,P4,1,29.00,completed
O00512,2026-03-04,C0087,P4,1,29.00,completed
O00513,2026-03-05,C0179,P1,1,49.00,completed
O00514,2026-03-05,C0035,P1,1,44.10,completed
O00515,2026-03-05,C0010,P1,1,49.00,completed
O00516,2026-03-05,C0012,P1,1,49.00,completed
O00517,2026-03-05,C0081,P1,1,49.00,completed
O00518,2026-03-05,C0140,P2,1,119.20,completed
O00519,2026-03-05,C0010,P2,1,134.10,completed
O00520,2026-03-05,C0092,P2,1,149.00,completed
O00521,2026-03-05,C0070,P3,1,900.00,completed
O00522,2026-03-05,C0103,P4,1,29.00,completed
O00523,2026-03-06,C0048,P1,1,44.10,completed
O00524,2026-03-06,C0095,P1,1,44.10,completed
O00525,2026-03-06,C0022,P1,1,39.20,completed
O00526,2026-03-06,C0111,P1,1,44.10,completed
O00527,2026-03-06,C0140,P1,1,39.20,completed
O00528,2026-03-06,C0084,P2,1,149.00,completed
O00529,2026-03-06,C0115,P2,1,149.00,completed
O00530,2026-03-06,C0115,P4,1,26.10,completed
O00531,2026-03-06,C0158,P4,1,29.00,completed
O00532,2026-03-07,C0020,P1,1,49.00,completed
O00533,2026-03-07,C0132,P1,1,44.10,completed
O00534,2026-03-07,C0037,P1,1,49.00,completed
O00535,2026-03-07,C0009,P1,1,39.20,completed
O00536,2026-03-07,C0061,P1,1,49.00,completed
O00537,2026-03-07,C0099,P1,1,49.00,completed
O00538,2026-03-07,C0040,P2,1,149.00,refunded
O00539,2026-03-07,C0096,P2,1,134.10,completed
O00540,2026-03-07,C0147,P2,1,134.10,completed
O00541,2026-03-07,C0064,P4,1,29.00,completed
O00542,2026-03-08,C0128,P1,1,49.00,completed
O00543,2026-03-08,C0144,P1,1,39.20,completed
O00544,2026-03-08,C0067,P1,1,49.00,completed
O00545,2026-03-08,C0157,P1,1,44.10,completed
O00546,2026-03-08,C0052,P1,1,49.00,completed
O00547,2026-03-08,C0019,P1,1,49.00,completed
O00548,2026-03-08,C0175,P2,1,134.10,completed
O00549,2026-03-08,C0017,P2,1,149.00,completed
O00550,2026-03-08,C0180,P4,1,29.00,completed
O00551,2026-03-09,C0058,P1,1,49.00,completed
O00552,2026-03-09,C0036,P1,1,49.00,completed
O00553,2026-03-09,C0007,P1,1,49.00,completed
O00554,2026-03-09,C0147,P1,1,49.00,completed
O00555,2026-03-09,C0142,P1,1,49.00,completed
O00556,2026-03-09,C0080,P2,1,149.00,completed
O00557,2026-03-09,C0135,P2,1,134.10,completed
O00558,2026-03-09,C0033,P4,1,23.20,completed
O00559,2026-03-10,C0120,P1,1,49.00,completed
O00560,2026-03-10,C0033,P1,1,39.20,completed
O00561,2026-03-10,C0047,P1,1,39.20,refunded
O00562,2026-03-10,C0129,P1,1,49.00,completed
O00563,2026-03-10,C0133,P1,1,49.00,completed
O00564,2026-03-10,C0043,P1,1,49.00,completed
O00565,2026-03-10,C0133,P2,1,149.00,completed
O00566,2026-03-10,C0065,P2,1,149.00,completed
O00567,2026-03-10,C0161,P4,1,29.00,completed
O00568,2026-03-10,C0137,P4,1,29.00,refunded
O00569,2026-03-11,C0149,P1,1,49.00,refunded
O00570,2026-03-11,C0169,P1,1,49.00,completed
O00571,2026-03-11,C0087,P1,1,39.20,refunded
O00572,2026-03-11,C0008,P2,1,119.20,completed
O00573,2026-03-11,C0165,P2,1,149.00,completed
O00574,2026-03-11,C0167,P2,1,119.20,completed
O00575,2026-03-11,C0128,P4,1,23.20,completed
O00576,2026-03-11,C0165,P4,1,23.20,completed
O00577,2026-03-12,C0176,P1,1,44.10,completed
O00578,2026-03-12,C0117,P1,1,44.10,completed
O00579,2026-03-12,C0041,P1,1,49.00,completed
O00580,2026-03-12,C0124,P1,1,44.10,completed
O00581,2026-03-12,C0088,P1,1,44.10,completed
O00582,2026-03-12,C0081,P1,1,39.20,completed
O00583,2026-03-12,C0103,P2,1,149.00,completed
O00584,2026-03-12,C0132,P2,1,149.00,completed
O00585,2026-03-12,C0082,P2,1,119.20,completed
O00586,2026-03-12,C0037,P4,1,26.10,completed
O00587,2026-03-13,C0158,P1,1,49.00,completed
O00588,2026-03-13,C0041,P1,1,44.10,completed
O00589,2026-03-13,C0081,P1,1,49.00,refunded
O00590,2026-03-13,C0132,P2,1,149.00,completed
O00591,2026-03-13,C0079,P2,1,134.10,completed
O00592,2026-03-13,C0118,P4,1,26.10,completed
O00593,2026-03-14,C0091,P1,1,49.00,refunded
O00594,2026-03-14,C0073,P1,1,49.00,completed
O00595,2026-03-14,C0168,P1,1,44.10,refunded
O00596,2026-03-14,C0138,P1,1,44.10,completed
O00597,2026-03-14,C0111,P1,1,49.00,completed
O00598,2026-03-14,C0094,P1,1,49.00,completed
O00599,2026-03-14,C0103,P2,1,149.00,completed
O00600,2026-03-14,C0144,P2,1,149.00,refunded
O00601,2026-03-14,C0142,P2,1,149.00,completed
O00602,2026-03-14,C0072,P4,1,26.10,completed
O00603,2026-03-15,C0031,P1,1,39.20,refunded
O00604,2026-03-15,C0101,P1,1,49.00,completed
O00605,2026-03-15,C0143,P1,1,49.00,completed
O00606,2026-03-15,C0051,P1,1,49.00,completed
O00607,2026-03-15,C0103,P1,1,39.20,completed
O00608,2026-03-15,C0036,P2,1,149.00,completed
O00609,2026-03-15,C0133,P2,1,149.00,completed
O00610,2026-03-15,C0084,P4,1,23.20,completed
O00611,2026-03-15,C0042,P4,1,23.20,completed
O00612,2026-03-16,C0152,P1,1,39.20,completed
O00613,2026-03-16,C0131,P1,1,49.00,completed
O00614,2026-03-16,C0145,P1,1,39.20,completed
O00615,2026-03-16,C0005,P1,1,49.00,completed
O00616,2026-03-16,C0150,P2,1,149.00,completed
O00617,2026-03-16,C0153,P2,1,149.00,completed
O00618,2026-03-16,C0059,P4,1,23.20,refunded
O00619,2026-03-16,C0123,P4,1,29.00,refunded
O00620,2026-03-17,C0038,P1,1,39.20,completed
O00621,2026-03-17,C0147,P1,1,49.00,completed
O00622,2026-03-17,C0005,P1,1,49.00,completed
O00623,2026-03-17,C0106,P2,1,134.10,completed
O00624,2026-03-17,C0129,P2,1,149.00,completed
O00625,2026-03-17,C0133,P4,1,29.00,completed
O00626,2026-03-17,C0084,P4,1,29.00,completed
O00627,2026-03-18,C0097,P1,1,44.10,completed
O00628,2026-03-18,C0118,P1,1,49.00,completed
O00629,2026-03-18,C0140,P1,1,39.20,completed
O00630,2026-03-18,C0157,P1,1,49.00,completed
O00631,2026-03-18,C0064,P1,1,44.10,completed
O00632,2026-03-18,C0077,P1,1,49.00,completed
O00633,2026-03-18,C0054,P2,1,149.00,completed
O00634,2026-03-18,C0123,P2,1,134.10,completed
O00635,2026-03-18,C0032,P4,1,29.00,completed
O00636,2026-03-18,C0098,P4,1,23.20,completed
O00637,2026-03-19,C0038,P1,1,44.10,completed
O00638,2026-03-19,C0074,P1,1,49.00,completed
O00639,2026-03-19,C0114,P1,1,49.00,completed
O00640,2026-03-19,C0055,P1,1,49.00,completed
O00641,2026-03-19,C0070,P1,1,49.00,completed
O00642,2026-03-19,C0036,P1,1,39.20,completed
O00643,2026-03-19,C0063,P2,1,119.20,completed
O00644,2026-03-19,C0058,P2,1,149.00,completed
O00645,2026-03-19,C0121,P4,1,26.10,completed
O00646,2026-03-20,C0141,P1,1,49.00,completed
O00647,2026-03-20,C0168,P1,1,49.00,completed
O00648,2026-03-20,C0167,P1,1,44.10,completed
O00649,2026-03-20,C0074,P2,1,149.00,completed
O00650,2026-03-20,C0167,P2,1,149.00,completed
O00651,2026-03-20,C0107,P4,1,29.00,completed
O00652,2026-03-20,C0102,P4,1,29.00,completed
O00653,2026-03-21,C0010,P1,1,49.00,completed
O00654,2026-03-21,C0146,P1,1,49.00,completed
O00655,2026-03-21,C0086,P1,1,39.20,completed
O00656,2026-03-21,C0165,P1,1,49.00,completed
O00657,2026-03-21,C0127,P1,1,39.20,completed
O00658,2026-03-21,C0120,P2,1,149.00,completed
O00659,2026-03-21,C0029,P2,1,149.00,completed
O00660,2026-03-21,C0118,P2,1,149.00,completed
O00661,2026-03-21,C0076,P4,1,29.00,completed
O00662,2026-03-21,C0045,P4,1,23.20,completed
O00663,2026-03-22,C0132,P1,1,44.10,completed
O00664,2026-03-22,C0103,P1,1,49.00,completed
O00665,2026-03-22,C0036,P1,1,49.00,completed
O00666,2026-03-22,C0064,P1,1,44.10,completed
O00667,2026-03-22,C0099,P1,1,49.00,completed
O00668,2026-03-22,C0078,P2,1,149.00,completed
O00669,2026-03-22,C0003,P2,1,119.20,refunded
O00670,2026-03-22,C0171,P4,1,29.00,completed
O00671,2026-03-23,C0104,P1,1,49.00,completed
O00672,2026-03-23,C0177,P1,1,39.20,completed
O00673,2026-03-23,C0095,P1,1,49.00,completed
O00674,2026-03-23,C0123,P2,1,149.00,completed
O00675,2026-03-23,C0156,P2,1,149.00,completed
O00676,2026-03-23,C0180,P2,1,149.00,completed
O00677,2026-03-23,C0064,P4,1,23.20,completed
O00678,2026-03-23,C0135,P4,1,23.20,completed
O00679,2026-03-24,C0145,P1,1,49.00,completed
O00680,2026-03-24,C0141,P1,1,49.00,completed
O00681,2026-03-24,C0147,P1,1,39.20,completed
O00682,2026-03-24,C0043,P1,1,39.20,completed
O00683,2026-03-24,C0030,P2,1,119.20,completed
O00684,2026-03-24,C0126,P2,1,149.00,refunded
O00685,2026-03-24,C0034,P4,1,29.00,completed
O00686,2026-03-24,C0117,P4,1,23.20,completed
O00687,2026-03-25,C0173,P1,1,39.20,completed
O00688,2026-03-25,C0102,P1,1,49.00,completed
O00689,2026-03-25,C0056,P1,1,49.00,completed
O00690,2026-03-25,C0012,P1,1,39.20,completed
O00691,2026-03-25,C0016,P2,1,149.00,completed
O00692,2026-03-25,C0009,P2,1,149.00,completed
O00693,2026-03-25,C0096,P4,1,29.00,completed
O00694,2026-03-26,C0097,P1,1,44.10,completed
O00695,2026-03-26,C0175,P1,1,44.10,completed
O00696,2026-03-26,C0168,P1,1,39.20,completed
O00697,2026-03-26,C0046,P1,1,49.00,completed
O00698,2026-03-26,C0136,P1,1,39.20,completed
O00699,2026-03-26,C0001,P1,1,49.00,completed
O00700,2026-03-26,C0173,P2,1,149.00,completed
O00701,2026-03-26,C0137,P2,1,119.20,completed
O00702,2026-03-26,C0064,P2,1,134.10,completed
O00703,2026-03-26,C0009,P4,1,29.00,completed
O00704,2026-03-27,C0005,P1,1,44.10,refunded
O00705,2026-03-27,C0018,P1,1,49.00,completed
O00706,2026-03-27,C0009,P1,1,49.00,refunded
O00707,2026-03-27,C0173,P1,1,44.10,refunded
O00708,2026-03-27,C0012,P1,1,49.00,completed
O00709,2026-03-27,C0056,P2,1,149.00,completed
O00710,2026-03-27,C0129,P2,1,149.00,completed
O00711,2026-03-27,C0082,P3,1,900.00,refunded
O00712,2026-03-27,C0078,P4,1,29.00,completed
O00713,2026-03-27,C0057,P4,1,29.00,completed
O00714,2026-03-28,C0143,P1,1,49.00,completed
O00715,2026-03-28,C0161,P1,1,39.20,completed
O00716,2026-03-28,C0127,P1,1,44.10,completed
O00717,2026-03-28,C0165,P1,1,49.00,completed
O00718,2026-03-28,C0179,P2,1,119.20,completed
O00719,2026-03-28,C0039,P2,1,134.10,completed
O00720,2026-03-28,C0048,P2,1,149.00,completed
O00721,2026-03-28,C0037,P4,1,29.00,completed
O00722,2026-03-28,C0144,P4,1,26.10,completed
O00723,2026-03-29,C0136,P1,1,44.10,completed
O00724,2026-03-29,C0063,P1,1,49.00,completed
O00725,2026-03-29,C0085,P1,1,49.00,completed
O00726,2026-03-29,C0095,P1,1,49.00,completed
O00727,2026-03-29,C0069,P2,1,149.00,completed
O00728,2026-03-29,C0155,P2,1,134.10,refunded
O00729,2026-03-29,C0056,P4,1,23.20,completed
O00730,2026-03-30,C0004,P1,1,49.00,completed
O00731,2026-03-30,C0031,P1,1,49.00,completed
O00732,2026-03-30,C0179,P1,1,44.10,completed
O00733,2026-03-30,C0102,P1,1,39.20,completed
O00734,2026-03-30,C0073,P2,1,119.20,completed
O00735,2026-03-30,C0137,P2,1,134.10,completed
O00736,2026-03-30,C0067,P2,1,149.00,completed
O00737,2026-03-30,C0121,P4,1,26.10,completed
O00738,2026-03-30,C0095,P4,1,29.00,completed
O00739,2026-03-31,C0057,P1,1,49.00,refunded
O00740,2026-03-31,C0067,P1,1,49.00,completed
O00741,2026-03-31,C0149,P1,1,39.20,refunded
O00742,2026-03-31,C0040,P1,1,44.10,completed
O00743,2026-03-31,C0146,P2,1,149.00,completed
O00744,2026-03-31,C0141,P2,1,149.00,completed
O00745,2026-03-31,C0165,P4,1,29.00,completed
O00746,2026-03-31,C0044,P4,1,26.10,completed
